{
  "ts": [
    0.0,
    0.10000000149011612,
    0.20000000298023224,
    0.30000001192092896,
    0.4000000059604645,
    0.5,
    0.6000000238418579,
    0.699999988079071,
    0.800000011920929,
    0.9000000357627869,
    1.0,
    1.100000023841858,
    1.2000000476837158,
    1.3000000715255737,
    1.399999976158142,
    1.5,
    1.600000023841858,
    1.7000000476837158,
    1.8000000715255737,
    1.899999976158142,
    2.0,
    2.1000001430511475,
    2.200000047683716,
    2.299999952316284,
    2.4000000953674316,
    2.5,
    2.6000001430511475,
    2.700000047683716,
    2.799999952316284,
    2.9000000953674316,
    3.0,
    3.1000001430511475,
    3.200000047683716,
    3.299999952316284,
    3.4000000953674316,
    3.5,
    3.6000001430511475,
    3.700000047683716,
    3.799999952316284,
    3.9000000953674316,
    4.0,
    4.099999904632568,
    4.200000286102295,
    4.300000190734863,
    4.400000095367432,
    4.5,
    4.599999904632568,
    4.700000286102295,
    4.800000190734863,
    4.900000095367432,
    5.0
  ],
  "ari_mean": [
    0.14406543868170796,
    0.1488456804305124,
    0.159402888946911,
    0.17288218933088514,
    0.19427972059957718,
    0.2300523745742663,
    0.2715381628713025,
    0.32575149644711,
    0.37323068810748894,
    0.4170786548063515,
    0.45348569175893017,
    0.4870063051617784,
    0.5188171645343929,
    0.5515726769476088,
    0.5809121633594991,
    0.6077217705297816,
    0.6343566395656839,
    0.6569602375528005,
    0.6806360820291275,
    0.7028980054088925,
    0.7243101551974078,
    0.74719503089749,
    0.767536827815056,
    0.7863407068100422,
    0.8043897326750192,
    0.8234040975755391,
    0.8395750012860761,
    0.8536903282411117,
    0.868283654637163,
    0.8822250268596207,
    0.8941200288981781,
    0.9064887658919215,
    0.9165932727810696,
    0.9266431780664587,
    0.9343090849018312,
    0.9425774360723309,
    0.9492333114865985,
    0.9555520842640444,
    0.9601418861424617,
    0.9645560211017339,
    0.9677676045903684,
    0.971012690086289,
    0.9726747650364672,
    0.9741679524638661,
    0.9768441242508488,
    0.9786893928727636,
    0.9799940191057773,
    0.9815661319553616,
    0.9825339571275891,
    0.9836276791777782,
    0.9844739364090028
  ],
  "ari_std": [
    0.0964045787259149,
    0.10292688733914766,
    0.1113965905510902,
    0.10583579854805342,
    0.10431435858688311,
    0.10922247097829502,
    0.12801948293545862,
    0.14630197432382466,
    0.1599088777391699,
    0.16815619405781532,
    0.1690645585267737,
    0.17193066240132954,
    0.17085789514617983,
    0.16559919939194692,
    0.16044175430898722,
    0.15910579262639626,
    0.15470460760896793,
    0.14973504931077553,
    0.1419344321780122,
    0.13543291183384182,
    0.127141606842918,
    0.11846300691024378,
    0.11221566909467587,
    0.10548197253844355,
    0.09780726161726361,
    0.08886505529819774,
    0.0821581415875898,
    0.07441616008670507,
    0.06656878533865594,
    0.05888892635909035,
    0.05282689328515075,
    0.04760471162708526,
    0.04458157081948617,
    0.04021730088439638,
    0.03739004757268143,
    0.03454366085624041,
    0.03244399061473403,
    0.02997539043541786,
    0.028698820940955303,
    0.02695971570734958,
    0.025795277342041893,
    0.024776554987773383,
    0.024037777293061183,
    0.0236192835730091,
    0.022622562810312295,
    0.021675330499802428,
    0.020704477990590456,
    0.019859032468068,
    0.019082898290485425,
    0.018072040377814576,
    0.017453666887428262
  ],
  "train_dt": 1.0,
  "T": 5.0,
  "dt_fine": 0.1,
  "num_samples": 200,
  "ckpt": "runs_data/omkos-slotode/slot_ode_11_slots_euler_T5_dt1/checkpoints/best.eqx",
  "step": 500000
}